{
  "DELETE Pet by id" : {
    "transaction" : "DELETE Pet by id",
    "sampleCount" : 10,
    "errorCount" : 10,
    "errorPct" : 100.0,
    "meanResTime" : 123.6,
    "medianResTime" : 123.5,
    "minResTime" : 120.0,
    "maxResTime" : 127.0,
    "pct1ResTime" : 126.9,
    "pct2ResTime" : 127.0,
    "pct3ResTime" : 127.0,
    "throughput" : 22.573363431151243,
    "receivedKBytesPerSec" : 6.436935665914221,
    "sentKBytesPerSec" : 4.042924661399549
  },
  "Total" : {
    "transaction" : "Total",
    "sampleCount" : 40,
    "errorCount" : 10,
    "errorPct" : 25.0,
    "meanResTime" : 224.12500000000006,
    "medianResTime" : 126.0,
    "minResTime" : 119.0,
    "maxResTime" : 661.0,
    "pct1ResTime" : 505.0,
    "pct2ResTime" : 602.9999999999995,
    "pct3ResTime" : 661.0,
    "throughput" : 23.094688221709006,
    "receivedKBytesPerSec" : 9.774082527424943,
    "sentKBytesPerSec" : 6.661148599884527
  },
  "POST Yuriiss Pet" : {
    "transaction" : "POST Yuriiss Pet",
    "sampleCount" : 10,
    "errorCount" : 0,
    "errorPct" : 0.0,
    "meanResTime" : 524.1,
    "medianResTime" : 503.5,
    "minResTime" : 476.0,
    "maxResTime" : 661.0,
    "pct1ResTime" : 655.7,
    "pct2ResTime" : 661.0,
    "pct3ResTime" : 661.0,
    "throughput" : 7.44047619047619,
    "receivedKBytesPerSec" : 3.491356259300595,
    "sentKBytesPerSec" : 3.0408586774553568
  },
  "PUT Yuriiss Pet" : {
    "transaction" : "PUT Yuriiss Pet",
    "sampleCount" : 10,
    "errorCount" : 0,
    "errorPct" : 0.0,
    "meanResTime" : 125.3,
    "medianResTime" : 126.0,
    "minResTime" : 121.0,
    "maxResTime" : 129.0,
    "pct1ResTime" : 128.9,
    "pct2ResTime" : 129.0,
    "pct3ResTime" : 129.0,
    "throughput" : 23.4192037470726,
    "receivedKBytesPerSec" : 10.989186914519907,
    "sentKBytesPerSec" : 9.54835699648712
  },
  "GET Pet by id" : {
    "transaction" : "GET Pet by id",
    "sampleCount" : 10,
    "errorCount" : 0,
    "errorPct" : 0.0,
    "meanResTime" : 123.5,
    "medianResTime" : 124.0,
    "minResTime" : 119.0,
    "maxResTime" : 127.0,
    "pct1ResTime" : 127.0,
    "pct2ResTime" : 127.0,
    "pct3ResTime" : 127.0,
    "throughput" : 22.88329519450801,
    "receivedKBytesPerSec" : 10.737718106407323,
    "sentKBytesPerSec" : 3.62020881006865
  }
}